<?xml version="1.0" encoding="UTF-8"?>
<jokes>
  <category>Programming</category>
  <joke>Why don't scientists trust atoms? Because they make up everything!</joke>

  <category>Animal Crossing</category>
  <joke>Parallel lines have so much in common. It's a shame they'll never meet.</joke>

  <category>Religion</category>
  <joke>I used to play piano by ear, but now I use my hands.</joke>

  <category>Political</category>
  <joke>Did you hear about the mathematician who's afraid of negative numbers? He'll stop at nothing to avoid them.</joke>

  <category>Food</category>
  <joke>What do you call a fish with no eyes? Fsh.</joke>

  <category>Geography</category>
  <joke>I'm on a seafood diet. I see food, and I eat it.</joke>

  <category>Celebrity</category>
  <joke>Why did the scarecrow win an award? Because he was outstanding in his field!</joke>

  <category>Spooky</category>
  <joke>What's orange and sounds like a parrot? A carrot.</joke>

  <category>Miscellaneous</category>
  <joke>How do you organize a space party? You "planet"!</joke>

  <category>Math Movies</category>
  <joke>How does a penguin build its house? Igloos it together!</joke>

  <category>Miscellaneous</category>
  <joke>Why did the bicycle fall over? Because it was two-tired.</joke>

  <category>Sports Movies</category>
  <joke>I'm reading a book on anti-gravity. It's impossible to put down!</joke>

  <category>History Movies</category>
  <joke>What did the grape say when it got stepped on? Nothing, it just let out a little whine.</joke>

  <category>Music Movies</category>
  <joke>Want to hear a construction joke? Sorry, I'm still building it.</joke>

  <category>Pokemon</category>
  <joke>What do you call a snowman with a six-pack? An abdominal snowman.</joke>

  <category>Animal Movies</category>
  <joke>Parallel lines have so much in common. It's a shame they'll never meet.</joke>

  <category>Christmas Movies</category>
  <joke>I used to play piano by ear, but now I use my hands.</joke>

  <category>Science Movies</category>
  <joke>Did you hear about the mathematician who's afraid of negative numbers? He'll stop at nothing to avoid them.</joke>

  <category>Science</category>
  <joke>What do you call a fish with no eyes? Fsh.</joke>

  <category>New Year</category>
  <joke>I'm on a seafood diet. I see food, and I eat it.</joke>

  <category>Halloween</category>
  <joke>Why did the scarecrow win an award? Because he was outstanding in his field!</joke>

  <category>Miscellaneous</category>
  <joke>What's orange and sounds like a parrot? A carrot.</joke>

  <category>Valentine's Day</category>
  <joke>How do you organize a space party? You "planet"!</joke>

  <category>Miscellaneous</category>
  <joke>How does a penguin build its house? Igloos it together!</joke>

  <category>Math</category>
  <joke>Why did the bicycle fall over? Because it was two-tired.</joke>

  <category>Miscellaneous</category>
  <joke>I'm reading a book on anti-gravity. It's impossible to put down!</joke>

  <category>Christmas</category>
  <joke>What did the grape say when it got stepped on? Nothing, it just let out a little whine.</joke>

  <category>Miscellaneous</category>
  <joke>Want to hear a construction joke? Sorry, I'm still building it.</joke>

  <category>Dark</category>
  <joke>What do you call a snowman with a six-pack? An abdominal snowman.</joke>

  <category>Miscellaneous</category>
  <joke>Why don't scientists trust atoms? Because they make up everything!</joke>
</jokes>
